-- Backup Database: db_tabsis
-- Tanggal: 2025-12-17 07:16:34
-- Generated by PHP Backup Script

SET SQL_MODE = "NO_AUTO_VALUE_ON_ZERO";
SET time_zone = "+00:00";
SET FOREIGN_KEY_CHECKS = 0;

CREATE DATABASE IF NOT EXISTS `db_tabsis` DEFAULT CHARACTER SET utf8mb4 COLLATE utf8mb4_general_ci;
USE `db_tabsis`;


-- --------------------------------------------------------
-- Table structure for table `tb_activity_log`
-- --------------------------------------------------------

DROP TABLE IF EXISTS `tb_activity_log`;
CREATE TABLE `tb_activity_log` (
  `id` int(11) NOT NULL AUTO_INCREMENT,
  `user_id` int(11) DEFAULT NULL,
  `user_name` varchar(100) NOT NULL,
  `user_level` varchar(50) DEFAULT NULL,
  `action` varchar(20) NOT NULL,
  `table_name` varchar(50) NOT NULL,
  `record_id` varchar(50) DEFAULT NULL,
  `description` text NOT NULL,
  `icon` varchar(50) DEFAULT 'fa-circle',
  `color` varchar(20) DEFAULT 'default',
  `created_at` datetime NOT NULL,
  PRIMARY KEY (`id`),
  KEY `idx_created_at` (`created_at`),
  KEY `idx_user_id` (`user_id`)
) ENGINE=InnoDB AUTO_INCREMENT=29 DEFAULT CHARSET=utf8mb4;

-- Dumping data for table `tb_activity_log`

INSERT INTO `tb_activity_log` (`id`, `user_id`, `user_name`, `user_level`, `action`, `table_name`, `record_id`, `description`, `icon`, `color`, `created_at`) VALUES
('1', '1', 'Admin', 'Administrator', 'UPDATE', 'tb_siswa', '100989011', 'Mengubah data siswa: Pidin Saripudin (NIS: 100989011)', 'fa-edit', 'warning', '2025-12-17 12:13:42'),
('2', '1', 'Admin', 'Administrator', 'UPDATE', 'tb_tabungan', '12222222', 'Mengubah setoran untuk AGUS menjadi Rp 200.000', 'fa-edit', 'warning', '2025-12-17 12:22:52'),
('3', '1', 'Admin', 'Administrator', 'UPDATE', 'tb_tabungan', '111', 'Mengubah penarikan untuk FERI menjadi Rp 50.000', 'fa-edit', 'warning', '2025-12-17 12:23:13'),
('4', '1', 'Admin', 'Administrator', 'DELETE', 'tb_siswa', '123456789023', 'Menghapus data siswa: Poci (NIS: 123456789023)', 'fa-trash', 'danger', '2025-12-17 12:23:32'),
('5', '1', 'Admin', 'Administrator', 'DELETE', 'tb_siswa', '123456789022', 'Menghapus data siswa: Kunti (NIS: 123456789022)', 'fa-trash', 'danger', '2025-12-17 12:27:42'),
('6', '1', 'Admin', 'Administrator', 'UPDATE', 'tb_profil', NULL, 'Mengubah profil sekolah: MI SULTAN FATTAH JEPARA', 'fa-edit', 'warning', '2025-12-17 12:30:56'),
('7', '1', 'Admin', 'Administrator', 'DELETE', 'tb_siswa', '123456789012', 'Menghapus data siswa: Ahmad Fauzi (NIS: 123456789012)', 'fa-trash', 'danger', '2025-12-17 12:40:20'),
('8', '1', 'Admin', 'Administrator', 'DELETE', 'tb_siswa', '123456789021', 'Menghapus data siswa: Tuyul (NIS: 123456789021)', 'fa-trash', 'danger', '2025-12-17 12:44:09'),
('9', '1', 'Admin', 'Administrator', 'UPDATE', 'tb_siswa', '321542', 'Mengubah data siswa: Anan S (NIS: 321542)', 'fa-edit', 'warning', '2025-12-17 12:47:10'),
('10', '1', 'Admin', 'Administrator', 'UPDATE', 'tb_siswa', '321542', 'Mengubah data siswa: Anan S (NIS: 321542)', 'fa-edit', 'warning', '2025-12-17 12:47:13'),
('11', '1', 'Admin', 'Administrator', 'DELETE', 'tb_siswa', '123456789013', 'Menghapus data siswa: Siti Nurhaliza (NIS: 123456789013)', 'fa-trash', 'danger', '2025-12-17 12:49:08'),
('12', '1', 'Admin', 'Administrator', 'UPDATE', 'tb_siswa', '100989011', 'Mengubah data siswa: Pidin Saripudin (NIS: 100989011)', 'fa-edit', 'warning', '2025-12-17 12:52:49'),
('13', '1', 'Admin', 'Administrator', 'UPDATE', 'tb_siswa', '100989011', 'Mengubah data siswa: Pidin Saripudin (NIS: 100989011)', 'fa-edit', 'warning', '2025-12-17 12:52:52'),
('14', '1', 'Admin', 'Administrator', 'DELETE', 'tb_siswa', '123456789014', 'Menghapus data siswa: Budi Santoso (NIS: 123456789014)', 'fa-trash', 'danger', '2025-12-17 12:53:03'),
('15', '1', 'Admin', 'Administrator', 'DELETE', 'tb_siswa', '123456789014', 'Menghapus data siswa: NIS: 123456789014 (NIS: 123456789014)', 'fa-trash', 'danger', '2025-12-17 12:55:38'),
('16', '1', 'Admin', 'Administrator', 'DELETE', 'tb_siswa', '321542', 'Menghapus data siswa: Anan S (NIS: 321542)', 'fa-trash', 'danger', '2025-12-17 12:55:47'),
('17', '1', 'Admin', 'Administrator', 'DELETE', 'tb_siswa', '909090', 'Menghapus data siswa: Imas (NIS: 909090)', 'fa-trash', 'danger', '2025-12-17 13:03:21'),
('18', '1', 'Admin', 'Administrator', 'UPDATE', 'tb_siswa', '100989011', 'Mengubah data siswa: Pidin Saripudin (NIS: 100989011)', 'fa-edit', 'warning', '2025-12-17 13:03:32'),
('19', '1', 'Admin', 'Administrator', 'CREATE', 'tb_tabungan', '100989011', 'Menambah setoran untuk Pidin Saripudin sebesar Rp 100.000', 'fa-plus-circle', 'success', '2025-12-17 13:08:07'),
('20', '1', 'Admin', 'Administrator', 'DELETE', 'tb_siswa', '120000005', 'Menghapus data siswa: Santoso (NIS: 120000005)', 'fa-trash', 'danger', '2025-12-17 13:19:01'),
('21', '1', 'Admin', 'Administrator', 'UPDATE', 'tb_siswa', '120000008', 'Mengubah data siswa: Pak Ogah (NIS: 120000008)', 'fa-edit', 'warning', '2025-12-17 13:19:14'),
('22', '1', 'Admin', 'Administrator', 'UPDATE', 'tb_siswa', '120000006', 'Mengubah data siswa: Santoso botak (NIS: 120000006)', 'fa-edit', 'warning', '2025-12-17 13:23:59'),
('23', '1', 'Admin', 'Administrator', 'UPDATE', 'tb_siswa', '120000009', 'Mengubah data siswa: Pak Ogah-ogah (NIS: 120000009)', 'fa-edit', 'warning', '2025-12-17 13:26:48'),
('24', '1', 'Admin', 'Administrator', 'UPDATE', 'tb_siswa', '120000007', 'Mengubah data siswa: Santoso botak2 (NIS: 120000007)', 'fa-edit', 'warning', '2025-12-17 13:51:26'),
('25', '1', 'Admin', 'Administrator', 'UPDATE', 'tb_siswa', '120000009', 'Mengubah data siswa: Pak Ogah-ogah (NIS: 120000009)', 'fa-edit', 'warning', '2025-12-17 13:57:29'),
('26', '1', 'Admin', 'Administrator', 'UPDATE', 'tb_siswa', '120000008', 'Mengubah data siswa: Pak Ogah (NIS: 120000008)', 'fa-edit', 'warning', '2025-12-17 14:01:31'),
('27', '1', 'Admin', 'Administrator', 'UPDATE', 'tb_siswa', '100989011', 'Mengubah data siswa: Pidin Saripudin (NIS: 100989011)', 'fa-edit', 'warning', '2025-12-17 14:04:48'),
('28', '1', 'Admin', 'Administrator', 'UPDATE', 'tb_siswa', '120000009', 'Mengubah data siswa: Pak Ogah-ogah (NIS: 120000009)', 'fa-edit', 'warning', '2025-12-17 14:08:33');


-- --------------------------------------------------------
-- Table structure for table `tb_kelas`
-- --------------------------------------------------------

DROP TABLE IF EXISTS `tb_kelas`;
CREATE TABLE `tb_kelas` (
  `id_kelas` int(11) NOT NULL AUTO_INCREMENT,
  `kelas` varchar(20) NOT NULL,
  PRIMARY KEY (`id_kelas`)
) ENGINE=InnoDB AUTO_INCREMENT=9 DEFAULT CHARSET=latin1;

-- Dumping data for table `tb_kelas`

INSERT INTO `tb_kelas` (`id_kelas`, `kelas`) VALUES
('3', '1 '),
('4', '2'),
('5', '3'),
('6', '4'),
('7', '5'),
('8', '6');


-- --------------------------------------------------------
-- Table structure for table `tb_pengguna`
-- --------------------------------------------------------

DROP TABLE IF EXISTS `tb_pengguna`;
CREATE TABLE `tb_pengguna` (
  `id_pengguna` int(11) NOT NULL AUTO_INCREMENT,
  `nama_pengguna` varchar(20) NOT NULL,
  `username` varchar(20) NOT NULL,
  `password` varchar(15) NOT NULL,
  `level` enum('Administrator','Petugas') NOT NULL,
  PRIMARY KEY (`id_pengguna`)
) ENGINE=InnoDB AUTO_INCREMENT=5 DEFAULT CHARSET=latin1;

-- Dumping data for table `tb_pengguna`

INSERT INTO `tb_pengguna` (`id_pengguna`, `nama_pengguna`, `username`, `password`, `level`) VALUES
('1', 'Admin', 'admin', 'admin', 'Administrator'),
('4', 'Petugas', 'admin2', 'admin2', 'Petugas');


-- --------------------------------------------------------
-- Table structure for table `tb_profil`
-- --------------------------------------------------------

DROP TABLE IF EXISTS `tb_profil`;
CREATE TABLE `tb_profil` (
  `id_profil` int(11) NOT NULL AUTO_INCREMENT,
  `nama_sekolah` varchar(200) NOT NULL,
  `alamat` varchar(400) NOT NULL,
  `akreditasi` char(2) NOT NULL,
  `logo_sekolah` varchar(255) DEFAULT NULL,
  `nama_bendahara` varchar(100) DEFAULT NULL,
  PRIMARY KEY (`id_profil`)
) ENGINE=InnoDB AUTO_INCREMENT=2 DEFAULT CHARSET=latin1;

-- Dumping data for table `tb_profil`

INSERT INTO `tb_profil` (`id_profil`, `nama_sekolah`, `alamat`, `akreditasi`, `logo_sekolah`, `nama_bendahara`) VALUES
('1', 'MI SULTAN FATTAH JEPARA', 'Jl. Kauman RT. 10 RW. 03 Sukosono Kedung Jepara 59463', 'A', '', 'Zamaah, S.Pd.I');


-- --------------------------------------------------------
-- Table structure for table `tb_siswa`
-- --------------------------------------------------------

DROP TABLE IF EXISTS `tb_siswa`;
CREATE TABLE `tb_siswa` (
  `nis` char(12) NOT NULL,
  `nama_siswa` varchar(40) NOT NULL,
  `jekel` enum('LK','PR') NOT NULL,
  `id_kelas` int(11) NOT NULL,
  `status` enum('Aktif','Lulus','Pindah') NOT NULL,
  `th_masuk` year(4) NOT NULL,
  PRIMARY KEY (`nis`),
  KEY `id_kelas` (`id_kelas`),
  CONSTRAINT `tb_siswa_ibfk_1` FOREIGN KEY (`id_kelas`) REFERENCES `tb_kelas` (`id_kelas`) ON DELETE CASCADE ON UPDATE CASCADE
) ENGINE=InnoDB DEFAULT CHARSET=latin1;

-- Dumping data for table `tb_siswa`

INSERT INTO `tb_siswa` (`nis`, `nama_siswa`, `jekel`, `id_kelas`, `status`, `th_masuk`) VALUES
('100989011', 'Pidin Saripudin', 'LK', '8', 'Aktif', '2020'),
('111', 'FERI', 'LK', '8', 'Aktif', '2021'),
('1200000010', 'Pak Raden', 'LK', '8', 'Aktif', '2021'),
('120000004', 'Gendruwo', 'LK', '8', 'Aktif', '2021'),
('120000006', 'Santoso botak', 'LK', '7', 'Aktif', '2021'),
('120000007', 'Santoso botak2', 'LK', '7', 'Aktif', '2021'),
('120000008', 'Pak Ogah', 'LK', '8', 'Aktif', '2021'),
('120000009', 'Pak Ogah-ogah', 'LK', '4', 'Aktif', '2023'),
('12222222', 'AGUS', 'LK', '7', 'Aktif', '2012'),
('1234', 'Tuyul', 'PR', '8', 'Aktif', '2021'),
('12345', 'Kunti', 'PR', '8', 'Aktif', '2021'),
('1234567', 'Poci', 'LK', '8', 'Aktif', '2021'),
('123456789017', 'Adiba Ansa', 'PR', '8', 'Aktif', '2021'),
('123456789019', 'Bilqis Fahiya', 'PR', '8', 'Aktif', '2021'),
('123456789020', 'Elga Saputra', 'LK', '8', 'Aktif', '2021');


-- --------------------------------------------------------
-- Table structure for table `tb_tabungan`
-- --------------------------------------------------------

DROP TABLE IF EXISTS `tb_tabungan`;
CREATE TABLE `tb_tabungan` (
  `id_tabungan` int(11) NOT NULL AUTO_INCREMENT,
  `nis` char(12) NOT NULL,
  `setor` int(11) NOT NULL,
  `tarik` int(11) NOT NULL,
  `tgl` date NOT NULL,
  `jenis` enum('ST','TR') NOT NULL,
  `petugas` varchar(20) NOT NULL,
  PRIMARY KEY (`id_tabungan`),
  KEY `nis` (`nis`),
  CONSTRAINT `tb_tabungan_ibfk_1` FOREIGN KEY (`nis`) REFERENCES `tb_siswa` (`nis`) ON DELETE CASCADE ON UPDATE CASCADE
) ENGINE=InnoDB AUTO_INCREMENT=74 DEFAULT CHARSET=latin1;

-- Dumping data for table `tb_tabungan`

INSERT INTO `tb_tabungan` (`id_tabungan`, `nis`, `setor`, `tarik`, `tgl`, `jenis`, `petugas`) VALUES
('59', '100989011', '50000', '0', '2021-01-09', 'ST', 'Pidin Saripudin'),
('60', '100989011', '78900', '0', '2021-01-09', 'ST', 'Imas'),
('61', '100989011', '90800', '0', '2021-01-09', 'ST', 'Imas'),
('62', '100989011', '0', '220000', '2021-01-09', 'TR', 'Imas'),
('63', '100989011', '78900', '0', '2021-01-09', 'ST', 'Imas'),
('64', '100989011', '90000', '0', '2021-01-10', 'ST', 'Pidin Saripudin'),
('65', '111', '100000', '0', '2025-12-17', 'ST', 'administrator'),
('66', '100989011', '100000', '0', '2024-01-11', 'ST', 'administrator'),
('67', '111', '0', '50000', '2025-12-17', 'TR', 'administrator'),
('70', '12222222', '200000', '0', '2025-12-17', 'ST', 'Admin'),
('71', '100989011', '250000', '0', '2025-12-17', 'ST', 'Admin'),
('72', '111', '0', '10000', '2025-12-17', 'TR', 'Admin'),
('73', '100989011', '100000', '0', '2025-12-17', 'ST', 'Admin');


SET FOREIGN_KEY_CHECKS = 1;
