-- Backup Database: db_tabsis
-- Tanggal: 2025-12-23 06:35:01
-- Generated by PHP Backup Script

SET SQL_MODE = "NO_AUTO_VALUE_ON_ZERO";
SET time_zone = "+00:00";
SET FOREIGN_KEY_CHECKS = 0;

CREATE DATABASE IF NOT EXISTS `db_tabsis` DEFAULT CHARACTER SET utf8mb4 COLLATE utf8mb4_general_ci;
USE `db_tabsis`;


-- --------------------------------------------------------
-- Table structure for table `tb_activity_log`
-- --------------------------------------------------------

DROP TABLE IF EXISTS `tb_activity_log`;
CREATE TABLE `tb_activity_log` (
  `id` int NOT NULL AUTO_INCREMENT,
  `user_id` int DEFAULT NULL,
  `user_name` varchar(100) NOT NULL,
  `user_level` varchar(50) DEFAULT NULL,
  `action` varchar(20) NOT NULL,
  `table_name` varchar(50) NOT NULL,
  `record_id` varchar(50) DEFAULT NULL,
  `description` text NOT NULL,
  `icon` varchar(50) DEFAULT 'fa-circle',
  `color` varchar(20) DEFAULT 'default',
  `created_at` datetime NOT NULL,
  PRIMARY KEY (`id`),
  KEY `idx_created_at` (`created_at`),
  KEY `idx_user_id` (`user_id`)
) ENGINE=InnoDB AUTO_INCREMENT=82 DEFAULT CHARSET=utf8mb4 COLLATE=utf8mb4_0900_ai_ci;

-- Dumping data for table `tb_activity_log`

INSERT INTO `tb_activity_log` (`id`, `user_id`, `user_name`, `user_level`, `action`, `table_name`, `record_id`, `description`, `icon`, `color`, `created_at`) VALUES
('68', '1', 'Admin', 'Administrator', 'LOGIN', 'system', NULL, 'User login: Admin (admin)', 'fa-sign-in', 'success', '2025-12-22 21:08:44'),
('69', '1', 'Admin', 'Administrator', 'CREATE', 'tb_tabungan', '120000008', 'Menambah setoran untuk Pak Ogah sebesar Rp 250.000', 'fa-plus-circle', 'success', '2025-12-22 21:10:57'),
('70', '1', 'Admin', 'Administrator', 'CREATE', 'tb_tabungan', '1234', 'Menambah setoran untuk Tuyul sebesar Rp 200.000', 'fa-plus-circle', 'success', '2025-12-23 11:00:08'),
('71', '1', 'Admin', 'Administrator', 'CREATE', 'tb_tabungan', '120000008', 'Menambah setoran untuk Pak Ogah sebesar Rp 100.000', 'fa-plus-circle', 'success', '2025-12-23 11:00:31'),
('72', '1', 'Admin', 'Administrator', 'CREATE', 'tb_tabungan', '123456789017', 'Menambah setoran untuk Adiba Ansa sebesar Rp 100.000', 'fa-plus-circle', 'success', '2025-12-23 11:01:03'),
('73', '1', 'Admin', 'Administrator', 'CREATE', 'tb_tabungan', '123456789017', 'Menambah setoran untuk Adiba Ansa sebesar Rp 200.000', 'fa-plus-circle', 'success', '2025-12-23 11:19:20'),
('74', '1', 'Admin', 'Administrator', 'CREATE', 'tb_tabungan', '120000008', 'Menambah penarikan untuk Pak Ogah sebesar Rp 10.000', 'fa-plus-circle', 'success', '2025-12-23 11:19:56'),
('75', '1', 'Admin', 'Administrator', 'DELETE', 'tb_tabungan', NULL, 'Menghapus setoran untuk Adiba Ansa sebesar Rp 500.000', 'fa-trash', 'danger', '2025-12-23 11:21:56'),
('76', '1', 'Admin', 'Administrator', 'DELETE', 'tb_tabungan', NULL, 'Menghapus setoran untuk Bilqis Fahiya sebesar Rp 100.000', 'fa-trash', 'danger', '2025-12-23 11:22:27'),
('77', '1', 'Admin', 'Administrator', 'DELETE', 'tb_tabungan', NULL, 'Menghapus penarikan untuk Pak Ogah sebesar Rp 10.000', 'fa-trash', 'danger', '2025-12-23 11:24:15'),
('78', '1', 'Admin', 'Administrator', 'DELETE', 'tb_tabungan', NULL, 'Menghapus penarikan untuk Pak Ogah sebesar Rp 10.000', 'fa-trash', 'danger', '2025-12-23 11:27:11'),
('79', '1', 'Admin', 'Administrator', 'DELETE', 'tb_tabungan', NULL, 'Menghapus setoran untuk Adiba Ansa sebesar Rp 200.000', 'fa-trash', 'danger', '2025-12-23 11:27:25'),
('80', '1', 'Admin', 'Administrator', 'UPDATE', 'tb_tabungan', NULL, 'Mengubah 3 setoran', 'fa-edit', 'warning', '2025-12-23 12:23:56'),
('81', '1', 'Admin', 'Administrator', 'CREATE', 'tb_tabungan', '120000008', 'Menambah penarikan untuk Pak Ogah sebesar Rp 50.000', 'fa-plus-circle', 'success', '2025-12-23 12:24:42');


-- --------------------------------------------------------
-- Table structure for table `tb_kelas`
-- --------------------------------------------------------

DROP TABLE IF EXISTS `tb_kelas`;
CREATE TABLE `tb_kelas` (
  `id_kelas` int NOT NULL AUTO_INCREMENT,
  `kelas` varchar(20) NOT NULL,
  PRIMARY KEY (`id_kelas`)
) ENGINE=InnoDB AUTO_INCREMENT=9 DEFAULT CHARSET=latin1;

-- Dumping data for table `tb_kelas`

INSERT INTO `tb_kelas` (`id_kelas`, `kelas`) VALUES
('3', '1 '),
('4', '2'),
('5', '3'),
('6', '4'),
('7', '5'),
('8', '6');


-- --------------------------------------------------------
-- Table structure for table `tb_pengguna`
-- --------------------------------------------------------

DROP TABLE IF EXISTS `tb_pengguna`;
CREATE TABLE `tb_pengguna` (
  `id_pengguna` int NOT NULL AUTO_INCREMENT,
  `nama_pengguna` varchar(20) NOT NULL,
  `username` varchar(20) NOT NULL,
  `password` varchar(15) NOT NULL,
  `level` enum('Administrator','Petugas') NOT NULL,
  PRIMARY KEY (`id_pengguna`)
) ENGINE=InnoDB AUTO_INCREMENT=5 DEFAULT CHARSET=latin1;

-- Dumping data for table `tb_pengguna`

INSERT INTO `tb_pengguna` (`id_pengguna`, `nama_pengguna`, `username`, `password`, `level`) VALUES
('1', 'Admin', 'admin', 'admin', 'Administrator'),
('4', 'Petugas', 'admin2', 'admin2', 'Petugas');


-- --------------------------------------------------------
-- Table structure for table `tb_profil`
-- --------------------------------------------------------

DROP TABLE IF EXISTS `tb_profil`;
CREATE TABLE `tb_profil` (
  `id_profil` int NOT NULL AUTO_INCREMENT,
  `nama_sekolah` varchar(200) NOT NULL,
  `alamat` varchar(400) NOT NULL,
  `akreditasi` char(2) NOT NULL,
  `logo_sekolah` varchar(255) DEFAULT NULL,
  `nama_bendahara` varchar(100) DEFAULT NULL,
  PRIMARY KEY (`id_profil`)
) ENGINE=InnoDB AUTO_INCREMENT=2 DEFAULT CHARSET=latin1;

-- Dumping data for table `tb_profil`

INSERT INTO `tb_profil` (`id_profil`, `nama_sekolah`, `alamat`, `akreditasi`, `logo_sekolah`, `nama_bendahara`) VALUES
('1', 'MI SULTAN FATTAH JEPARA', 'Jl. Kauman RT. 10 RW. 03 Sukosono Kedung Jepara 59463', 'A', '', 'Zamaah, S.Pd.I');


-- --------------------------------------------------------
-- Table structure for table `tb_riwayat`
-- --------------------------------------------------------

DROP TABLE IF EXISTS `tb_riwayat`;
CREATE TABLE `tb_riwayat` (
  `id_riwayat` int NOT NULL AUTO_INCREMENT,
  `id_tabungan_asli` int NOT NULL COMMENT 'ID dari tb_tabungan sebelum dihapus',
  `nis` char(12) NOT NULL,
  `setor` int NOT NULL,
  `tarik` int NOT NULL,
  `tgl` date NOT NULL,
  `jenis` enum('ST','TR') NOT NULL,
  `petugas` varchar(20) NOT NULL,
  `status` enum('Aktif','Tidak Aktif') NOT NULL DEFAULT 'Tidak Aktif',
  `tgl_hapus` datetime DEFAULT NULL,
  `petugas_hapus` varchar(20) DEFAULT NULL,
  PRIMARY KEY (`id_riwayat`),
  KEY `id_tabungan_asli` (`id_tabungan_asli`),
  KEY `nis` (`nis`)
) ENGINE=InnoDB AUTO_INCREMENT=4 DEFAULT CHARSET=latin1;

-- Dumping data for table `tb_riwayat`

INSERT INTO `tb_riwayat` (`id_riwayat`, `id_tabungan_asli`, `nis`, `setor`, `tarik`, `tgl`, `jenis`, `petugas`, `status`, `tgl_hapus`, `petugas_hapus`) VALUES
('1', '84', '123456789017', '200000', '0', '2025-12-23', 'ST', 'Admin', 'Tidak Aktif', '2025-12-23 04:27:25', 'Admin'),
('2', '85', '120000008', '0', '10000', '2025-12-23', 'TR', 'Admin', 'Tidak Aktif', '2025-12-23 04:24:15', 'Admin'),
('3', '86', '120000008', '0', '50000', '2025-12-23', 'TR', 'Admin', 'Aktif', NULL, NULL);


-- --------------------------------------------------------
-- Table structure for table `tb_siswa`
-- --------------------------------------------------------

DROP TABLE IF EXISTS `tb_siswa`;
CREATE TABLE `tb_siswa` (
  `nis` char(12) NOT NULL,
  `nama_siswa` varchar(40) NOT NULL,
  `jekel` enum('LK','PR') NOT NULL,
  `id_kelas` int NOT NULL,
  `status` enum('Aktif','Lulus','Pindah') NOT NULL,
  `th_masuk` year NOT NULL,
  PRIMARY KEY (`nis`),
  KEY `id_kelas` (`id_kelas`),
  CONSTRAINT `tb_siswa_ibfk_1` FOREIGN KEY (`id_kelas`) REFERENCES `tb_kelas` (`id_kelas`) ON DELETE CASCADE ON UPDATE CASCADE
) ENGINE=InnoDB DEFAULT CHARSET=latin1;

-- Dumping data for table `tb_siswa`

INSERT INTO `tb_siswa` (`nis`, `nama_siswa`, `jekel`, `id_kelas`, `status`, `th_masuk`) VALUES
('120000008', 'Pak Ogah', 'LK', '6', 'Aktif', '2012'),
('1234', 'Tuyul', 'PR', '8', 'Aktif', '2021'),
('123456789017', 'Adiba Ansa', 'PR', '8', 'Aktif', '2021'),
('123456789019', 'Bilqis Fahiya', 'PR', '8', 'Aktif', '2021');


-- --------------------------------------------------------
-- Table structure for table `tb_tabungan`
-- --------------------------------------------------------

DROP TABLE IF EXISTS `tb_tabungan`;
CREATE TABLE `tb_tabungan` (
  `id_tabungan` int NOT NULL AUTO_INCREMENT,
  `nis` char(12) NOT NULL,
  `setor` int NOT NULL,
  `tarik` int NOT NULL,
  `tgl` date NOT NULL,
  `jenis` enum('ST','TR') NOT NULL,
  `petugas` varchar(20) NOT NULL,
  PRIMARY KEY (`id_tabungan`),
  KEY `nis` (`nis`),
  CONSTRAINT `tb_tabungan_ibfk_1` FOREIGN KEY (`nis`) REFERENCES `tb_siswa` (`nis`) ON DELETE CASCADE ON UPDATE CASCADE
) ENGINE=InnoDB AUTO_INCREMENT=87 DEFAULT CHARSET=latin1;

-- Dumping data for table `tb_tabungan`

INSERT INTO `tb_tabungan` (`id_tabungan`, `nis`, `setor`, `tarik`, `tgl`, `jenis`, `petugas`) VALUES
('78', '120000008', '250000', '0', '2025-12-22', 'ST', 'Admin'),
('79', '1234', '200000', '0', '2025-12-23', 'ST', 'Admin'),
('80', '120000008', '100000', '0', '2025-12-23', 'ST', 'Admin'),
('81', '123456789017', '100000', '0', '2025-12-23', 'ST', 'Admin'),
('83', '120000008', '0', '10000', '2025-12-23', 'TR', 'Admin'),
('86', '120000008', '0', '50000', '2025-12-23', 'TR', 'Admin');


SET FOREIGN_KEY_CHECKS = 1;
